"","text","favorited","favoriteCount","replyToSN","created","truncated","replyToSID","id","replyToUID","statusSource","screenName","retweetCount","isRetweet","retweeted","longitude","latitude"
"1","<U+0001F1F0><U+0001F1F7> Offshore platform construction <U+0001F3D7><U+FE0F>, automotive lubricants <U+0001F697>, LNG trading <U+0001F6F3> &amp; now #OffshoreWind! <U+0001F32C><U+FE0F> 

We’re expand… https://t.co/vQYxVvUSUE",FALSE,47,NA,2023-02-15 12:05:12,TRUE,NA,"1625828572744101888",NA,"<a href=""https://prod1.sprinklr.com"" rel=""nofollow"">Sprinklr Publishing</a>","bp_plc",10,FALSE,FALSE,NA,NA
"2","@TottenhamFlyer Hi there, we're really sorry to hear this but thank you for getting in touch. Can you please send u… https://t.co/z88MvaTjAV",FALSE,0,"TottenhamFlyer",2023-02-09 11:11:30,TRUE,"1623572895313133569","1623640731695960064","2538720161","<a href=""https://prod1.sprinklr.com"" rel=""nofollow"">Sprinklr Publishing</a>","bp_plc",0,FALSE,FALSE,NA,NA
"3","2022 full year results: We're accelerating investment in our transition and the energy transition while helping pro… https://t.co/pzHTLfu8SL",FALSE,71,NA,2023-02-07 07:04:18,TRUE,NA,"1622853744353222658",NA,"<a href=""https://twitter.com"" rel=""nofollow"">Twitter for Advertisers</a>","bp_plc",26,FALSE,FALSE,NA,NA
"4","300+ new @bppulseuk charge points are live across London - making it even easier for people who want to plug in <U+0001F50C>,… https://t.co/Whe6zeAkrd",FALSE,14,NA,2023-02-02 08:52:05,TRUE,NA,"1621068931313049600",NA,"<a href=""https://twitter.com"" rel=""nofollow"">Twitter for Advertisers</a>","bp_plc",4,FALSE,FALSE,NA,NA
"5","@Susieshoequeen Hi Susie, thanks for confirming this. It does sound like an error at the site so we will make sure… https://t.co/Jx5FJfJexb",FALSE,0,"Susieshoequeen",2023-01-31 10:49:16,TRUE,"1619721937378213888","1620373642168131590","1260440646","<a href=""https://prod1.sprinklr.com"" rel=""nofollow"">Sprinklr Publishing</a>","bp_plc",0,FALSE,FALSE,NA,NA
"6","After 9 months at sea, this high-tech Seawatch® Wind LiDAR (light detection &amp; ranging) buoy is back on land. It’s m… https://t.co/bNFOSXRJdP",FALSE,27,NA,2023-01-31 09:48:57,TRUE,NA,"1620358464181620737",NA,"<a href=""https://twitter.com"" rel=""nofollow"">Twitter for Advertisers</a>","bp_plc",6,FALSE,FALSE,NA,NA
"7","Today we're launching this year's Energy Outlook <U+0001F504>. Join Spencer Dale, our chief economist, at 2pm UK time. There's still time to register <U+23F1>",FALSE,39,NA,2023-01-30 07:49:39,FALSE,NA,"1619966053022371840",NA,"<a href=""https://twitter.com"" rel=""nofollow"">Twitter for Advertisers</a>","bp_plc",4,FALSE,FALSE,NA,NA
"8","@Susieshoequeen Hi Susie, this doesn’t sound right so thanks for letting us know about it. Can you please confirm t… https://t.co/tsqut4rHkE",FALSE,0,"Susieshoequeen",2023-01-29 15:17:51,TRUE,"1619460562064384001","1619716461441814528","1260440646","<a href=""https://prod1.sprinklr.com"" rel=""nofollow"">Sprinklr Publishing</a>","bp_plc",0,FALSE,FALSE,NA,NA
"9","Our Aral pulse #EV charging business in Germany is launching 8 stations along one of Europe's busiest routes for fr… https://t.co/E5A1pP2xaL",FALSE,13,NA,2023-01-26 11:57:44,TRUE,NA,"1618578933984665601",NA,"<a href=""https://twitter.com"" rel=""nofollow"">Twitter for Advertisers</a>","bp_plc",5,FALSE,FALSE,NA,NA
"10","@EmilyyBarlow Hi Emily, we're very sorry for any inconvenience this cause you but we're pleased to say this issue h… https://t.co/voSIpvXOJy",FALSE,0,"EmilyyBarlow",2023-01-24 13:56:12,TRUE,"1616444609630011392","1617883972607819776","463229248","<a href=""https://prod1.sprinklr.com"" rel=""nofollow"">Sprinklr Publishing</a>","bp_plc",0,FALSE,FALSE,NA,NA
"11","@evcarmike Hi Mike, thank you for getting in touch. You can reach our bp Pulse team via this webform… https://t.co/3pse0XFZgU",FALSE,0,"evcarmike",2023-01-24 11:54:50,TRUE,"1617523746579021827","1617853430306934788","912322145589526528","<a href=""https://prod1.sprinklr.com"" rel=""nofollow"">Sprinklr Publishing</a>","bp_plc",1,FALSE,FALSE,NA,NA
"12","<U+23F0> It's under one week until we launch this year's Energy Outlook <U+0001F504>

Join Spencer Dale, our chief economist, on Mond… https://t.co/AOzTP5sUnB",FALSE,13,NA,2023-01-24 11:29:16,TRUE,NA,"1617846993941925888",NA,"<a href=""https://twitter.com"" rel=""nofollow"">Twitter for Advertisers</a>","bp_plc",1,FALSE,FALSE,NA,NA
"13","This floating production, storage &amp; offloading (FPSO) vessel is ready to set sail from China to join our GTA… https://t.co/5HkyvPOZOU",FALSE,100,NA,2023-01-23 08:52:03,TRUE,NA,"1617445043911917568",NA,"<a href=""https://twitter.com"" rel=""nofollow"">Twitter for Advertisers</a>","bp_plc",32,FALSE,FALSE,NA,NA
"14","<U+0001F4C6> Mark your calendars! 

On Monday, 30 January, we're launching this year's Energy Outlook <U+0001F504>. Join Spencer Dale, ou… https://t.co/W77d7XrlxA",FALSE,31,NA,2023-01-18 12:50:26,TRUE,NA,"1615693094971654146",NA,"<a href=""https://twitter.com"" rel=""nofollow"">Twitter for Advertisers</a>","bp_plc",4,FALSE,FALSE,NA,NA
"15","@BahadirBilen Hi there, we're really sorry to hear this. We have responded to your private message to try and help.… https://t.co/V67U4OJB8i",FALSE,0,"BahadirBilen",2023-01-13 17:24:04,TRUE,"1613895389161177088","1613950018037190683","289253007","<a href=""https://prod1.sprinklr.com"" rel=""nofollow"">Sprinklr Publishing</a>","bp_plc",0,FALSE,FALSE,NA,NA
"16","@GreggoS Hi Stacey, we're really sorry to hear this. We have no intention of charging customers at our sites, and i… https://t.co/MrxxKL4si3",FALSE,0,"GreggoS",2023-01-12 09:55:47,TRUE,"1613465383402409984","1613474815045767173","21028101","<a href=""https://prod1.sprinklr.com"" rel=""nofollow"">Sprinklr Publishing</a>","bp_plc",0,FALSE,FALSE,NA,NA
"17","@BritDiversity @BobbityP @TransITCUK @LocktonUK Well done @BobbityP, you inspire us everyday<U+0001F308>",FALSE,2,"BritDiversity",2023-01-10 15:49:53,FALSE,"1612772764120670209","1612839152462237698","1176068540505501701","<a href=""https://mobile.twitter.com"" rel=""nofollow"">Twitter Web App</a>","bp_plc",0,FALSE,FALSE,NA,NA
"18","@BritDiversity <U+2764><U+FE0F><U+0001F9E1><U+0001F49B><U+0001F49A><U+0001F499><U+0001F49C>",FALSE,0,"BritDiversity",2023-01-10 15:45:08,FALSE,"1612783082288857091","1612837955562881024","1176068540505501701","<a href=""https://prod1.sprinklr.com"" rel=""nofollow"">Sprinklr Publishing</a>","bp_plc",0,FALSE,FALSE,NA,NA
"19","@DwayneTriplett1 Hi Dwayne, thanks for your interest! Yes, you can explore all our current opportunities at https://t.co/RoaKIErXtm.",FALSE,2,"DwayneTriplett1",2022-12-31 13:20:35,FALSE,"1608913443989639168","1609177698680639488","1567662930056937473","<a href=""https://prod1.sprinklr.com"" rel=""nofollow"">Sprinklr Publishing</a>","bp_plc",2,FALSE,FALSE,NA,NA
"20","@PankajS74997545 Hi Pankaj, thank you for reaching out to us. Unfortunately, this app is a scam and is not owned or… https://t.co/e9jsl7dOnF",FALSE,0,"PankajS74997545",2022-12-20 10:05:33,TRUE,"1603956764164050944","1605142353383153666","1603812667432509440","<a href=""https://prod1.sprinklr.com"" rel=""nofollow"">Sprinklr Publishing</a>","bp_plc",0,FALSE,FALSE,NA,NA
"21","As we end the year, we're taking time to reflect on all the things our people have achieved in the past 12 months <U+0001F30E>… https://t.co/hKVKe0OYlO",FALSE,33,NA,2022-12-20 09:00:03,TRUE,NA,"1605125868682199040",NA,"<a href=""https://prod1.sprinklr.com"" rel=""nofollow"">Sprinklr Publishing</a>","bp_plc",13,FALSE,FALSE,NA,NA
"22","@praveenjain92 Hi Praveen, thanks for reaching out to us. This app is a scam and is not owned or associated with us… https://t.co/i0f0ssYHeJ",FALSE,0,"praveenjain92",2022-12-17 13:04:11,TRUE,"1603787988747845633","1604100142163959809","1484894772099973122","<a href=""https://prod1.sprinklr.com"" rel=""nofollow"">Sprinklr Publishing</a>","bp_plc",0,FALSE,FALSE,NA,NA
"23","@manojpr02773887 Hi there, unfortunately there is a scam app and it is not affiliated with bp. We recommend you do… https://t.co/UW3R2Izxws",FALSE,1,"manojpr02773887",2022-12-17 12:57:53,TRUE,"1603961587622371328","1604098557589471234","1101457201","<a href=""https://prod1.sprinklr.com"" rel=""nofollow"">Sprinklr Publishing</a>","bp_plc",0,FALSE,FALSE,NA,NA
"24","@Dhptechplanet Hi Deepak, unfortunately this is a scam app and is not affiliated with bp. We recommend you do not g… https://t.co/b9aGzcmbrD",FALSE,0,"Dhptechplanet",2022-12-17 12:56:28,TRUE,"1603964029219016706","1604098201778376705","1440695024899948562","<a href=""https://prod1.sprinklr.com"" rel=""nofollow"">Sprinklr Publishing</a>","bp_plc",0,FALSE,FALSE,NA,NA
"25","@omkumar9593 Hi there, unfortunately this is a scam app and is not affiliated with bp. We recommend you do not give… https://t.co/AdYAB80WyP",FALSE,0,"omkumar9593",2022-12-17 12:54:30,TRUE,"1603998189908267009","1604097705495728129","1603987643162693632","<a href=""https://prod1.sprinklr.com"" rel=""nofollow"">Sprinklr Publishing</a>","bp_plc",0,FALSE,FALSE,NA,NA
"26","@VivekSi07606381 Hi Vivek, unfortunately this is a scam app and is not affiliated with us. We recommend you do not… https://t.co/qzXMGSs6O8",FALSE,0,"VivekSi07606381",2022-12-16 10:33:26,TRUE,"1603667827067478016","1603699818345500676","1014163282276610049","<a href=""https://prod1.sprinklr.com"" rel=""nofollow"">Sprinklr Publishing</a>","bp_plc",0,FALSE,FALSE,NA,NA
"27","@Officia30797718 Hi there, unfortunately this is a scam app and is not affiliated with us. We recommend you do not… https://t.co/r8jOUttCbJ",FALSE,0,"Officia30797718",2022-12-16 09:58:08,TRUE,"1603432521844555776","1603690933329227776","1470696720614920192","<a href=""https://prod1.sprinklr.com"" rel=""nofollow"">Sprinklr Publishing</a>","bp_plc",0,FALSE,FALSE,NA,NA
"28","@Silent_n_ights Hi there, unfortunately this is a scam app and is not affiliated with us. We recommend you do not g… https://t.co/seD0tQ6fOj",FALSE,1,"Silent_n_ights",2022-12-15 13:19:51,TRUE,"1602912586500308992","1603379310282346497","2556082028","<a href=""https://prod1.sprinklr.com"" rel=""nofollow"">Sprinklr Publishing</a>","bp_plc",1,FALSE,FALSE,NA,NA
"29","@Muhammadakilsss Hi Muhammad, unfortunately this is a scam app and is not affiliated with bp. We recommend you do n… https://t.co/X7hnHv6tH4",FALSE,1,"Muhammadakilsss",2022-12-15 13:14:47,TRUE,"1603165720941953024","1603378033800478720","1538429368560517120","<a href=""https://prod1.sprinklr.com"" rel=""nofollow"">Sprinklr Publishing</a>","bp_plc",0,FALSE,FALSE,NA,NA
"30","@Chetan81158600 Hi Chetan, unfortunately, this is not a legitimate app or a site. We are taking action to suspend i… https://t.co/zRhSiMYljk",FALSE,1,"Chetan81158600",2022-12-15 13:08:35,TRUE,"1603261646948167680","1603376474031099904","1350419313899888643","<a href=""https://prod1.sprinklr.com"" rel=""nofollow"">Sprinklr Publishing</a>","bp_plc",0,FALSE,FALSE,NA,NA
"31","@Shailen87835101 Hi Shailendra, unfortunately this is a scam app and is not affiliated with bp. We recommend you do… https://t.co/PyIAqusztk",FALSE,1,"Shailen87835101",2022-12-15 13:04:27,TRUE,"1603360799564914694","1603375434275721216","1424886610651357188","<a href=""https://prod1.sprinklr.com"" rel=""nofollow"">Sprinklr Publishing</a>","bp_plc",0,FALSE,FALSE,NA,NA
"32","It’s our 5th anniversary w/@Lightsourcebp! <U+0001F48D> Since it began, the joint venture has:
<U+0001F4BC> Created 720 jobs
<U+0001F30E> Expanded f… https://t.co/MzGYFj52mF",FALSE,34,NA,2022-12-14 15:22:21,TRUE,NA,"1603047752035958784",NA,"<a href=""https://twitter.com"" rel=""nofollow"">Twitter for Advertisers</a>","bp_plc",15,FALSE,FALSE,NA,NA
"33","We’re aiming to make it easier for you to restock <U+0001F6D2> while you refuel <U+26FD> or recharge <U+26A1>

Learn more about our plans fo… https://t.co/adYH2jCtXb",FALSE,17,NA,2022-12-13 10:22:11,TRUE,NA,"1602609824755494913",NA,"<a href=""https://mobile.twitter.com"" rel=""nofollow"">Twitter Web App</a>","bp_plc",4,FALSE,FALSE,NA,NA
"34","We're rounding off a big year for our @bppulseuk #EV charging business, expanding our UK network even further by ro… https://t.co/LdXE3QxIdH",FALSE,30,NA,2022-12-08 08:55:52,TRUE,NA,"1600776161671389188",NA,"<a href=""https://twitter.com"" rel=""nofollow"">Twitter for Advertisers</a>","bp_plc",9,FALSE,FALSE,NA,NA
"35","We’re working hard to produce the oil &amp; gas the world needs whilst aiming to reduce our operational emissions.

Lea… https://t.co/HwlI9VNVw1",FALSE,12,NA,2022-12-06 09:30:30,TRUE,NA,"1600060102811099136",NA,"<a href=""https://mobile.twitter.com"" rel=""nofollow"">Twitter Web App</a>","bp_plc",4,FALSE,FALSE,NA,NA
"36","To mark #InternationalDayOfPersonsWithDisabilities this Saturday, our accessibility network have shared why creatin… https://t.co/kgf4zo5aNH",FALSE,10,NA,2022-12-01 12:13:49,TRUE,NA,"1598289261375401984",NA,"<a href=""https://mobile.twitter.com"" rel=""nofollow"">Twitter Web App</a>","bp_plc",4,FALSE,FALSE,NA,NA
"37","@KetanJ0 Hi Ketan, it is not disinformation. We expect to invest around 30% in non-hydrocarbons in 2022. This relat… https://t.co/bkxkqYYdY5",FALSE,0,"KetanJ0",2022-11-29 14:13:43,TRUE,"1594620963362148353","1597594660834361347","420100653","<a href=""https://prod1.sprinklr.com"" rel=""nofollow"">Sprinklr Publishing</a>","bp_plc",0,FALSE,FALSE,NA,NA
"38","1st gas has been delivered from Cassia C in Trinidad &amp; Tobago. At peak, we expect it to produce 200-300 million sta… https://t.co/1kr7HlDYyX",FALSE,25,NA,2022-11-29 13:23:39,TRUE,NA,"1597582058804707328",NA,"<a href=""https://mobile.twitter.com"" rel=""nofollow"">Twitter Web App</a>","bp_plc",5,FALSE,FALSE,NA,NA
"39","@FaazyMuhammed Hi Faazy, thank you for sharing this. It is not a legitimate app or a site. As we are taking action… https://t.co/0tarVYli5l",FALSE,1,"FaazyMuhammed",2022-11-28 15:22:29,TRUE,"1596887776649060352","1597249577274511361","706710757648560128","<a href=""https://prod1.sprinklr.com"" rel=""nofollow"">Sprinklr Publishing</a>","bp_plc",0,FALSE,FALSE,NA,NA
"40","While we're <U+2B06> our renewables portfolio to support the energy transition, we're also continuing to develop resilient… https://t.co/71kLjVVNic",FALSE,29,NA,2022-11-24 10:08:52,TRUE,NA,"1595721100465475587",NA,"<a href=""https://mobile.twitter.com"" rel=""nofollow"">Twitter Web App</a>","bp_plc",5,FALSE,FALSE,NA,NA
"41","2x more #Renewable diesel is flowing from our Cherry Point refinery today thanks to a massive $50m upgrade <U+0001F1FA><U+0001F1F8>. It's… https://t.co/CQNT52Qu7D",FALSE,43,NA,2022-11-23 10:39:07,TRUE,NA,"1595366326805139457",NA,"<a href=""https://twitter.com"" rel=""nofollow"">Twitter for Advertisers</a>","bp_plc",21,FALSE,FALSE,NA,NA
"42","@metamorhisnt Hi there, we’re really sorry that you’re disappointed with our response but please rest assured we ta… https://t.co/I6xZ94lzBL",FALSE,0,"metamorhisnt",2022-11-22 17:44:48,TRUE,"1593669712856186886","1595111064680759296","1401916251744739332","<a href=""https://prod1.sprinklr.com"" rel=""nofollow"">Sprinklr Publishing</a>","bp_plc",0,FALSE,FALSE,NA,NA
"43","@metamorhisnt Hi there, we're really sorry you had this experience at one of our sites but thank you for letting us… https://t.co/cbfQOTshsa",FALSE,0,"metamorhisnt",2022-11-18 17:56:19,TRUE,"1593582499824902145","1593664411260051456","1401916251744739332","<a href=""https://prod1.sprinklr.com"" rel=""nofollow"">Sprinklr Publishing</a>","bp_plc",0,FALSE,FALSE,NA,NA
"44","@rossalwayswins Hi Ross, thanks for your question. For our Scope 3 emissions we're targeting a 20% reduction by 202… https://t.co/v0puCyGuQj",FALSE,0,"rossalwayswins",2022-11-11 13:38:34,TRUE,"1590570174734008321","1591062834103947265","1524421646","<a href=""https://prod1.sprinklr.com"" rel=""nofollow"">Sprinklr Publishing</a>","bp_plc",0,FALSE,FALSE,NA,NA
"45","@NickRossTech Hi Nick, apologies for the inconvenience caused. Please private message us your email address linked… https://t.co/KatKUXUHsU",FALSE,1,"NickRossTech",2022-11-10 21:28:16,TRUE,"1590630461155729413","1590818649895751681","137892503","<a href=""https://prod1.sprinklr.com"" rel=""nofollow"">Sprinklr Publishing</a>","bp_plc",0,FALSE,FALSE,NA,NA
"46","@bigacsdad Thanks for bringing this to our attention. While many of our retail sites are independently owned and op… https://t.co/CCkAGeSfGo",FALSE,0,"bigacsdad",2022-11-10 18:34:31,TRUE,"1590742235426918400","1590774923818979328","743593102745567232","<a href=""https://prod1.sprinklr.com"" rel=""nofollow"">Sprinklr Publishing</a>","bp_plc",0,FALSE,FALSE,NA,NA
"47","@waltduro Please try the number again. We double-checked and everything is working on our end. Thanks.",FALSE,0,"waltduro",2022-11-09 16:59:01,FALSE,"1589687024688467969","1590388502008827905","69298559","<a href=""https://prod1.sprinklr.com"" rel=""nofollow"">Sprinklr Publishing</a>","bp_plc",0,FALSE,FALSE,NA,NA
"48","@queen_keascher Hi Keascher, can you please confirm your location so we can best advise you?",FALSE,0,"queen_keascher",2022-11-04 11:59:38,FALSE,"1588470585503383552","1588501219076722688","1485888271058145283","<a href=""https://prod1.sprinklr.com"" rel=""nofollow"">Sprinklr Publishing</a>","bp_plc",0,FALSE,FALSE,NA,NA
"49","Today we share our 3Q results. We continue to work hard to provide the oil &amp; gas the world needs now, while at the… https://t.co/Dt7Se9uS2K",FALSE,64,NA,2022-11-01 07:05:22,TRUE,NA,"1587340001414717440",NA,"<a href=""https://twitter.com"" rel=""nofollow"">Twitter for Advertisers</a>","bp_plc",17,FALSE,FALSE,NA,NA
"50","Today, our US bpx onshore team is connecting oilfield wells to the grid <U+26A1>. So far, they’ve electrified 80%, aiming… https://t.co/Z2pVb2QPEY",FALSE,21,NA,2022-10-26 08:05:16,TRUE,NA,"1585180751154368512",NA,"<a href=""https://twitter.com"" rel=""nofollow"">Twitter for Advertisers</a>","bp_plc",6,FALSE,FALSE,NA,NA
"51","@JaqParch Hi there, are you able to send us a DM with more information on this so that we can look into it?",FALSE,0,"JaqParch",2022-10-24 12:35:49,FALSE,"1583773997719691264","1584524061014515718","2258235397","<a href=""https://prod1.sprinklr.com"" rel=""nofollow"">Sprinklr Publishing</a>","bp_plc",0,FALSE,FALSE,NA,NA
"52","@AlastairMellon Hi there, thanks for your question. Our analysis of primary energy demand includes the use of oil a… https://t.co/Lj5MkDz7AE",FALSE,0,"AlastairMellon",2022-10-19 11:17:06,TRUE,"1580594949938024448","1582692310722060288","1490654730279919616","<a href=""https://prod1.sprinklr.com"" rel=""nofollow"">Sprinklr Publishing</a>","bp_plc",0,FALSE,FALSE,NA,NA
"53","We’ve just signed a $4bn deal to buy @Archaea_Energy, a leading US producer of RNG.
<U+0001F4AA> Boosting our bioenergy biz
<U+23E9>… https://t.co/QTMmRrWJPL",FALSE,60,NA,2022-10-17 11:32:35,TRUE,NA,"1581971432564822019",NA,"<a href=""https://twitter.com"" rel=""nofollow"">Twitter for Advertisers</a>","bp_plc",17,FALSE,FALSE,NA,NA
"54","Putting plans into action <U+0001F4AA><U+0001F3D7><U+FE0F>
Right now, we have vessels scanning the seabed to work out how to build some of the U… https://t.co/eZ2jG9jYst",FALSE,31,NA,2022-10-13 07:59:09,TRUE,NA,"1580468168685981699",NA,"<a href=""https://twitter.com"" rel=""nofollow"">Twitter for Advertisers</a>","bp_plc",10,FALSE,FALSE,NA,NA
"55","We're proud of our team collaborating with partners &amp; suppliers to safely deliver the Azeri Central East (ACE) oil… https://t.co/JvPzFC4pzO",FALSE,39,NA,2022-10-11 11:09:35,TRUE,NA,"1579791314048413696",NA,"<a href=""https://mobile.twitter.com"" rel=""nofollow"">Twitter Web App</a>","bp_plc",8,FALSE,FALSE,NA,NA
"56","@SimplyTdoTloks Hi there, thanks for your interest in our graduate programme. You can find all our careers opportun… https://t.co/gIpTLIqm0q",FALSE,1,"SimplyTdoTloks",2022-10-06 08:50:20,TRUE,"1577671339556716552","1577944334208573443","2953531929","<a href=""https://prod1.sprinklr.com"" rel=""nofollow"">Sprinklr Publishing</a>","bp_plc",0,FALSE,FALSE,NA,NA
"57","@abboriginy Hi Michael, thanks for bringing this to our attention. Are you able to send us a DM with more informati… https://t.co/Xy61nFqUQd",FALSE,0,"abboriginy",2022-10-05 10:36:02,TRUE,"1577551808960004097","1577608546467938304","2869663671","<a href=""https://prod1.sprinklr.com"" rel=""nofollow"">Sprinklr Publishing</a>","bp_plc",0,FALSE,FALSE,NA,NA
"58","We're excited to be teaming up with @Hertz to take the EV driving experience to the next level -  installing a nati… https://t.co/tFZm7Nk0ue",FALSE,28,NA,2022-09-27 14:25:09,TRUE,NA,"1574767102652817411",NA,"<a href=""https://mobile.twitter.com"" rel=""nofollow"">Twitter Web App</a>","bp_plc",7,FALSE,FALSE,NA,NA
"59","@GilesDiggle Hi, we recognise that more charging infrastructure is needed. The good news is that it is growing at p… https://t.co/tw4b9nMQzG",FALSE,0,"GilesDiggle",2022-09-27 10:58:16,TRUE,"1574047155001638912","1574715036647432192","227690881","<a href=""https://prod1.sprinklr.com"" rel=""nofollow"">Sprinklr Publishing</a>","bp_plc",0,FALSE,FALSE,NA,NA
"60","@hosi_tsaki Hi Hosi, we suspect this to be recruitment fraud. Please do not provide any personal details. ^Ross",FALSE,0,"hosi_tsaki",2022-09-23 08:31:20,FALSE,"1572604765049356290","1573228511581687808","848582578114363392","<a href=""https://prod1.sprinklr.com"" rel=""nofollow"">Sprinklr Publishing</a>","bp_plc",0,FALSE,FALSE,NA,NA
"61","We are deeply saddened by the passing of Her Majesty Queen Elizabeth II and profoundly grateful for her extraordina… https://t.co/pekDkhvgnO",FALSE,178,NA,2022-09-08 19:26:44,TRUE,NA,"1567957627421736961",NA,"<a href=""https://mobile.twitter.com"" rel=""nofollow"">Twitter Web App</a>","bp_plc",42,FALSE,FALSE,NA,NA
"62","We're making it more convenient &amp; simpler for you to plug in &amp; go<U+0001F50C> - accelerating the number of our bp pulse chargi… https://t.co/6I5qczov9C",FALSE,21,NA,2022-09-07 08:09:40,TRUE,NA,"1567424852935512065",NA,"<a href=""https://mobile.twitter.com"" rel=""nofollow"">Twitter Web App</a>","bp_plc",4,FALSE,FALSE,NA,NA
"63","Today’s the day! Our delegates and scholars are buzzing with excitement, and are ready to listen <U+0001F442>, learn<U+0001F9E0>&amp; collabo… https://t.co/JRzbCSo9m6",FALSE,26,NA,2022-09-05 08:18:25,TRUE,NA,"1566702278224084992",NA,"<a href=""https://mobile.twitter.com"" rel=""nofollow"">Twitter Web App</a>","bp_plc",6,FALSE,FALSE,NA,NA
"64","@SinghIs97729933 Hi there, are you able to send us a direct message with more information and your contact details… https://t.co/5nBWMmzTUS",FALSE,0,"SinghIs97729933",2022-09-01 14:09:20,TRUE,"1565333797985722369","1565341035093303296","1254625568496074753","<a href=""https://prod1.sprinklr.com"" rel=""nofollow"">Sprinklr Publishing</a>","bp_plc",0,FALSE,FALSE,NA,NA
"65","One Young World 2022 is fast approaching! <U+0001F64C>

Our delegates and scholars are heading to the summit with a mission: t… https://t.co/Id48Qw7FGO",FALSE,18,NA,2022-09-01 09:04:39,TRUE,NA,"1565264360678776832",NA,"<a href=""https://mobile.twitter.com"" rel=""nofollow"">Twitter Web App</a>","bp_plc",3,FALSE,FALSE,NA,NA
"66","@BirderMhairi Hi Mhairi, we're sorry to hear about this. Are you able to send us a DM with more information so that we can look into this?",FALSE,2,"BirderMhairi",2022-08-30 12:31:11,FALSE,"1563982244242493440","1564591560083251200","20927071","<a href=""https://prod1.sprinklr.com"" rel=""nofollow"">Sprinklr Publishing</a>","bp_plc",0,FALSE,FALSE,NA,NA
"67","@SZ50619344 Hi there, sea based roles are also posted to https://t.co/U9XeDXQLeP. We would encourage you to keep ch… https://t.co/TB1Mki7pql",FALSE,1,"SZ50619344",2022-08-24 07:54:37,TRUE,"1561377182055817216","1562347633599193089","1398933520794505218","<a href=""https://prod1.sprinklr.com"" rel=""nofollow"">Sprinklr Publishing</a>","bp_plc",0,FALSE,FALSE,NA,NA
"68","@SZ50619344 Hi there, thanks for your interest! You can explore all our current opportunities at https://t.co/RoaKIErXtm.",FALSE,1,"SZ50619344",2022-08-21 15:10:10,FALSE,"1560366866664652803","1561370081719996417","1398933520794505218","<a href=""https://prod1.sprinklr.com"" rel=""nofollow"">Sprinklr Publishing</a>","bp_plc",1,FALSE,FALSE,NA,NA
"69","@Ashish_Gokhale Hi Ashish, this is an employment scam. Please do not provide any personal details or transfer any m… https://t.co/99G25va7U8",FALSE,0,"Ashish_Gokhale",2022-08-20 16:07:35,TRUE,"1560881798288007171","1561022139809112065","142968270","<a href=""https://prod1.sprinklr.com"" rel=""nofollow"">Sprinklr Publishing</a>","bp_plc",0,FALSE,FALSE,NA,NA
"70","We're trialling a raft of new technologies &amp; fuel types to help the shipping industry decarbonize.

Learn more:… https://t.co/VhE5tSkiW7",FALSE,14,NA,2022-08-18 08:51:36,TRUE,NA,"1560187646894374912",NA,"<a href=""https://mobile.twitter.com"" rel=""nofollow"">Twitter Web App</a>","bp_plc",7,FALSE,FALSE,NA,NA
"71","@NudjLife Hi there. We have 10 aims that support our net zero ambition. Aim 7 is to incentivize our global workforc… https://t.co/EaqyvBb7Q1",FALSE,1,"NudjLife",2022-08-16 15:08:10,TRUE,"1559515940307582976","1559557635346776074","1498415991125995520","<a href=""https://prod1.sprinklr.com"" rel=""nofollow"">Sprinklr Publishing</a>","bp_plc",0,FALSE,FALSE,NA,NA
"72","Successful bids for the 2 HKW sites would help <U+0001F1F3><U+0001F1F1> reach its #LowCarbon ambitions through an integrated approach to… https://t.co/ESvNA4uqEF",FALSE,12,NA,2022-08-16 08:12:12,TRUE,NA,"1559452956587696131",NA,"<a href=""https://prod1.sprinklr.com"" rel=""nofollow"">Sprinklr Publishing</a>","bp_plc",4,FALSE,FALSE,NA,NA
"73","@timdippel We are very sorry to hear about this experience. We'd appreciate if you could reach out to us at bpconsu… https://t.co/ZfthYBADlt",FALSE,0,"timdippel",2022-08-15 14:33:51,TRUE,"1557836342217920512","1559186614022246400","1481040708","<a href=""https://prod1.sprinklr.com"" rel=""nofollow"">Sprinklr Publishing</a>","bp_plc",0,FALSE,FALSE,NA,NA
"74","Teams in Indonesia have discovered gas at our Andaman II block, where we have a 30% interest w/@HarbourEnergy. Furt… https://t.co/G6A4Ujvci5",FALSE,18,NA,2022-08-11 09:00:09,TRUE,NA,"1557653083672530945",NA,"<a href=""https://twitter.com"" rel=""nofollow"">Twitter for Advertisers</a>","bp_plc",5,FALSE,FALSE,NA,NA
"75","Today we share our 2Q results. We continue to work hard to provide the oil and gas the world needs now, while at th… https://t.co/4KbYQf9QVa",FALSE,55,NA,2022-08-02 06:02:36,TRUE,NA,"1554346911771017216",NA,"<a href=""https://twitter.com"" rel=""nofollow"">Twitter for Advertisers</a>","bp_plc",20,FALSE,FALSE,NA,NA
"76","@westernexplorer Hi Richard, we see both blue and green hydrogen playing a part in our plans for Teesside. We’re pl… https://t.co/rQPvFkZR93",FALSE,0,"westernexplorer",2022-07-29 10:38:28,TRUE,"1552303587820294144","1552966783220457472","67119104","<a href=""https://prod1.sprinklr.com"" rel=""nofollow"">Sprinklr Publishing</a>","bp_plc",0,FALSE,FALSE,NA,NA
"77","We're planning to<U+2B06><U+FE0F>our low carbon portfolio in <U+0001F1EA><U+0001F1F8><U+0001F1F5><U+0001F1F9><U+0001F1EC><U+0001F1E7>, teaming up w/@Iberdrola_en to help decarbonize transport &amp; i… https://t.co/Af28CsHgaQ",FALSE,32,NA,2022-07-28 10:07:10,TRUE,NA,"1552596519416651777",NA,"<a href=""https://twitter.com"" rel=""nofollow"">Twitter for Advertisers</a>","bp_plc",15,FALSE,FALSE,NA,NA
"78","Electric trucks seemed unthinkable a few years ago, but by teaming up with fellow innovators @DaimlerTruck, we're b… https://t.co/hkN5je1zDk",FALSE,18,NA,2022-07-27 08:52:08,TRUE,NA,"1552215246219235328",NA,"<a href=""https://twitter.com"" rel=""nofollow"">Twitter for Advertisers</a>","bp_plc",6,FALSE,FALSE,NA,NA
"79","@do_unite We believe there is no single solution to the energy transition. Hydrogen has potentially significant use… https://t.co/T3A2Ph2rrm",FALSE,0,"do_unite",2022-07-25 15:28:55,TRUE,"1551215849163341827","1551590326699163648","1205818686998753280","<a href=""https://prod1.sprinklr.com"" rel=""nofollow"">Sprinklr Publishing</a>","bp_plc",0,FALSE,FALSE,NA,NA
"80","@TBlighe Hi Tony. Our green hydrogen facility will produce hydrogen through the electrolysis of water while our CCU… https://t.co/XKUbmNSLOZ",FALSE,0,"TBlighe",2022-07-21 09:19:57,TRUE,"1549530617431326721","1550047919017017344","736369873211789316","<a href=""https://prod1.sprinklr.com"" rel=""nofollow"">Sprinklr Publishing</a>","bp_plc",0,FALSE,FALSE,NA,NA
"81","@speakerengine We believe biofuels have a significant role in decarbonising the transport sector. We recently took… https://t.co/GhG3cTEvjA",FALSE,0,"speakerengine",2022-07-20 11:47:08,TRUE,"1549257270411804673","1549722571842719745","147332120","<a href=""https://prod1.sprinklr.com"" rel=""nofollow"">Sprinklr Publishing</a>","bp_plc",0,FALSE,FALSE,NA,NA
"82","@Jemz8 Hi Jemma, we're sorry to hear that. Are you able to send us a DM with more information on this? ^Ross",FALSE,0,"Jemz8",2022-07-20 11:03:46,FALSE,"1549710006978846720","1549711659685527553","23450728","<a href=""https://prod1.sprinklr.com"" rel=""nofollow"">Sprinklr Publishing</a>","bp_plc",0,FALSE,FALSE,NA,NA
"83","@Curious_Cola Hi there, bp pulse (our EV charging business) is investing £1billion in EV charging in the UK over th… https://t.co/LmojQwUFga",FALSE,0,"Curious_Cola",2022-07-20 08:58:42,TRUE,"1549481909075546114","1549680186429476864","1536433733615685637","<a href=""https://prod1.sprinklr.com"" rel=""nofollow"">Sprinklr Publishing</a>","bp_plc",0,FALSE,FALSE,NA,NA
"84","@BuckCllr Hi Kevin, bp pulse (our EV charging business) is investing £1billion in EV charging in the UK over the ne… https://t.co/IOpTjVUvRt",FALSE,0,"BuckCllr",2022-07-18 16:33:40,TRUE,"1548244832782393344","1549069905894559753","1172988150521716737","<a href=""https://prod1.sprinklr.com"" rel=""nofollow"">Sprinklr Publishing</a>","bp_plc",0,FALSE,FALSE,NA,NA
"85","@SConwaySmith Hi Simon, we’re not getting out of oil &amp; gas, but we plan to scale down our investment. In 2030 we se… https://t.co/e858iac6A2",FALSE,1,"SConwaySmith",2022-07-14 15:30:21,TRUE,"1547339547880603648","1547604420224905217","296915285","<a href=""https://prod1.sprinklr.com"" rel=""nofollow"">Sprinklr Publishing</a>","bp_plc",0,FALSE,FALSE,NA,NA
"86","@NakedWookieeUK Hi there, we’re not getting out of oil &amp; gas, but we plan to scale down our investment. In 2030 we… https://t.co/Nu1nmeIhUJ",FALSE,1,"NakedWookieeUK",2022-07-13 14:53:17,TRUE,"1546670066850271232","1547232702545465344","107625265","<a href=""https://prod1.sprinklr.com"" rel=""nofollow"">Sprinklr Publishing</a>","bp_plc",0,FALSE,FALSE,NA,NA
"87","@iluyimbazi Hi Ivan, thank you for getting in touch about this. Can you please send us a DM with your BPme account… https://t.co/TDYnHc35BA",FALSE,0,"iluyimbazi",2022-07-13 09:39:45,TRUE,"1547061949531291650","1547153798975700993","349520924","<a href=""https://prod1.sprinklr.com"" rel=""nofollow"">Sprinklr Publishing</a>","bp_plc",0,FALSE,FALSE,NA,NA
"88","In collaboration with @thyssenkrupp Steel, we’re exploring options to supply low carbon hydrogen and renewable powe… https://t.co/td81Ua5dQb",FALSE,15,NA,2022-07-11 09:49:21,TRUE,NA,"1546431442569265159",NA,"<a href=""https://mobile.twitter.com"" rel=""nofollow"">Twitter Web App</a>","bp_plc",3,FALSE,FALSE,NA,NA
"89","@FrancescaBicke1 Hi there, thanks for your interest. You can explore all our current opportunities at https://t.co/U9XeDXQdph",FALSE,1,"FrancescaBicke1",2022-07-05 09:28:27,FALSE,"1544000377825148929","1544251852371492864","737280695052185600","<a href=""https://prod1.sprinklr.com"" rel=""nofollow"">Sprinklr Publishing</a>","bp_plc",0,FALSE,FALSE,NA,NA
"90","@AlpineF1Team <U+0001F308><U+0001F3CE>",FALSE,0,"AlpineF1Team",2022-07-01 11:10:47,FALSE,"1542810242081325056","1542828055944728580","28297965","<a href=""https://mobile.twitter.com"" rel=""nofollow"">Twitter Web App</a>","bp_plc",0,FALSE,FALSE,NA,NA
"91","To round off #PrideMonth, we've worked with @AlpineF1Team team to change our livery on their cars to a rainbow… https://t.co/vCIV4XnJN0",FALSE,14,NA,2022-07-01 10:17:03,TRUE,NA,"1542814531570864128",NA,"<a href=""https://mobile.twitter.com"" rel=""nofollow"">Twitter Web App</a>","bp_plc",0,FALSE,FALSE,NA,NA
"92","We often receive nasty comments when we share a post about #Pride or our LGBT+ people. To mark #PrideMonth, we aske… https://t.co/4mAamZ9R1o",FALSE,60,NA,2022-06-07 07:53:59,TRUE,NA,"1534081220396605445",NA,"<a href=""https://twitter.com"" rel=""nofollow"">Twitter for Advertisers</a>","bp_plc",7,FALSE,FALSE,NA,NA
"93","@luoyouqun Hi, we received your DM. We are sorry to hear about your experience, and thank you for reaching out to u… https://t.co/0sSrOutn9w",FALSE,0,"luoyouqun",2022-06-02 15:36:43,TRUE,NA,"1532385730156187653","18326989","<a href=""https://prod1.sprinklr.com"" rel=""nofollow"">Sprinklr Publishing</a>","bp_plc",0,FALSE,FALSE,NA,NA
"94","@WeAreTheCity @nationalgriduk @marieclaire Congratulations, Lauren! <U+0001F44F><U+0001F49A>",FALSE,2,"WeAreTheCity",2022-05-24 09:52:11,FALSE,"1528999401661898752","1529037535606882305","121123109","<a href=""https://mobile.twitter.com"" rel=""nofollow"">Twitter Web App</a>","bp_plc",0,FALSE,FALSE,NA,NA
"95","<U+0001F4AA> We’re strengthening our partnerships with @AdnocGroup &amp; @Masdar, through a series of exciting agreements. They re… https://t.co/Cwt3EJaLfJ",FALSE,37,NA,2022-05-24 06:49:04,TRUE,NA,"1528991451824136192",NA,"<a href=""https://twitter.com"" rel=""nofollow"">Twitter for Advertisers</a>","bp_plc",10,FALSE,FALSE,NA,NA
"96","@EndoBird Hi Matthew, thank you for bringing this to our attention, we're sorry to see this. Are you able to DM us… https://t.co/S5dOWT4yxH",FALSE,0,"EndoBird",2022-05-17 13:45:35,TRUE,"1526553339403677698","1526559558897901569","411050437","<a href=""https://prod1.sprinklr.com"" rel=""nofollow"">Sprinklr Publishing</a>","bp_plc",0,FALSE,FALSE,NA,NA
"97","We’re partnering with @Lindeplc to advance a major carbon capture &amp; storage project in Texas, including CCS &amp; low-c… https://t.co/5jvF8nCbU7",FALSE,34,NA,2022-05-17 12:50:23,TRUE,NA,"1526545666738110464",NA,"<a href=""https://twitter.com"" rel=""nofollow"">Twitter for Advertisers</a>","bp_plc",9,FALSE,FALSE,NA,NA
"98","Another greening company in action @SSAB_AB! Steel produced from green #Hydrogen is exactly the kind of innovation… https://t.co/E9KFTJ5QUk",FALSE,8,NA,2022-05-13 13:26:28,TRUE,NA,"1525105197143433216",NA,"<a href=""https://mobile.twitter.com"" rel=""nofollow"">Twitter Web App</a>","bp_plc",1,FALSE,FALSE,NA,NA
"99","We’re bidding for 2 offshore wind permits in <U+0001F1F3><U+0001F1F1>, w/ potential 1.4GW capacity. But it’s more than GWs: Dutch wind en… https://t.co/xErcgmYIf5",FALSE,36,NA,2022-05-13 07:11:41,TRUE,NA,"1525010880236294146",NA,"<a href=""https://prod1.sprinklr.com"" rel=""nofollow"">Sprinklr Publishing</a>","bp_plc",17,FALSE,FALSE,NA,NA
"100","@WoodenWeirdo Hi Wooden, thanks for getting in touch. We are an accredited employer of the Real Living Wage but ple… https://t.co/LlK2vyMC3c",FALSE,0,"WoodenWeirdo",2022-05-09 14:19:21,TRUE,"1522737485293531142","1523668953041711105","1515385614073581570","<a href=""https://prod1.sprinklr.com"" rel=""nofollow"">Sprinklr Publishing</a>","bp_plc",0,FALSE,FALSE,NA,NA
"101","@dougthedane <U+0001F49A><U+0001F457>",FALSE,0,"dougthedane",2022-05-09 11:35:37,FALSE,"1523323085331607555","1523627748119367683","201671592","<a href=""https://mobile.twitter.com"" rel=""nofollow"">Twitter Web App</a>","bp_plc",0,FALSE,FALSE,NA,NA
"102","@stu_24 Hello Stuart. Thank you for your feedback. We are really sorry you found the toilets to be in a very poor s… https://t.co/scNbEO2ThA",FALSE,0,"stu_24",2022-05-08 10:51:05,TRUE,"1523243568948998144","1523254154428223494","79984086","<a href=""https://prod1.sprinklr.com"" rel=""nofollow"">Sprinklr Publishing</a>","bp_plc",0,FALSE,FALSE,NA,NA
"103","@Jharrison22 Hi Julie, we see both blue and green hydrogen playing a part in our plans for Teesside. We’re planning… https://t.co/tOeOH34LJK",FALSE,8,"Jharrison22",2022-05-04 09:19:26,TRUE,"1521776019446845441","1521781536974069760","20096795","<a href=""https://prod1.sprinklr.com"" rel=""nofollow"">Sprinklr Publishing</a>","bp_plc",1,FALSE,FALSE,NA,NA
"104","Today, we share our 1Q results following a quarter dominated by the tragic events in Ukraine. We’ve been working ha… https://t.co/PkvxyG8CQu",FALSE,43,NA,2022-05-03 06:03:08,TRUE,NA,"1521369749032251394",NA,"<a href=""https://twitter.com"" rel=""nofollow"">Twitter for Advertisers</a>","bp_plc",15,FALSE,FALSE,NA,NA
"105","We’re aiming for the rapid roll-out of up to 8,000 battery-based EV fast chargepoints across Europe by the end of 2… https://t.co/uarx0x8NHj",FALSE,19,NA,2022-04-29 08:07:58,TRUE,NA,"1519951614915842048",NA,"<a href=""https://twitter.com"" rel=""nofollow"">Twitter for Advertisers</a>","bp_plc",8,FALSE,FALSE,NA,NA
"106","We're accelerating our partnership with @VW &amp; rapidly rolling-out battery-based EV fast chargers in Europe. They he… https://t.co/b1Harul5HK",FALSE,33,NA,2022-04-28 12:11:21,TRUE,NA,"1519650472403120128",NA,"<a href=""https://twitter.com"" rel=""nofollow"">Twitter for Advertisers</a>","bp_plc",9,FALSE,FALSE,NA,NA
"107","@mcp111 Hi Partha, thank you for the feedback - we're always reviewing our processes to be better and more efficien… https://t.co/MWh3IMkF6j",FALSE,0,"mcp111",2022-04-26 09:57:16,TRUE,"1518815190589992960","1518891954662170626","15178679","<a href=""https://prod1.sprinklr.com"" rel=""nofollow"">Sprinklr Publishing</a>","bp_plc",0,FALSE,FALSE,NA,NA
"108","@GWECGlobalWind <U+0001F91D> <U+0001F49A>",FALSE,1,"GWECGlobalWind",2022-04-25 12:29:09,FALSE,"1518545380979453953","1518567792211070976","2787688669","<a href=""https://prod1.sprinklr.com"" rel=""nofollow"">Sprinklr Publishing</a>","bp_plc",0,FALSE,FALSE,NA,NA
"109","@muyloco187 We're sorry to hear about your experience. While many of our US retail sites are independently owned an… https://t.co/CtdqUCHUa9",FALSE,1,"muyloco187",2022-04-04 17:04:51,TRUE,"1509897267469332481","1511027027377369097","251961732","<a href=""https://prod1.sprinklr.com"" rel=""nofollow"">Sprinklr Publishing</a>","bp_plc",0,FALSE,FALSE,NA,NA
"110","Explore the progress we’ve made across our net zero, people and planet focus areas in our 2021 Sustainability report <U+0001F449>",FALSE,36,NA,2022-03-31 08:29:07,FALSE,NA,"1509447689121021952",NA,"<a href=""https://twitter.com"" rel=""nofollow"">Twitter for Advertisers</a>","bp_plc",15,FALSE,FALSE,NA,NA
"111","As part of our convenience growth strategy, we’ve partnered with @UberEats! <U+0001F34F><U+0001F950><U+0001F6B4><U+0001F36B> <U+0001F9C3><U+0001F96A> By 2025, we plan to make the se… https://t.co/dariC3HQ3K",FALSE,25,NA,2022-03-29 10:12:58,TRUE,NA,"1508749046705442820",NA,"<a href=""https://prod1.sprinklr.com"" rel=""nofollow"">Sprinklr Publishing</a>","bp_plc",7,FALSE,FALSE,NA,NA
"112","Kon'nichiwa!  <U+0001F32C><U+FE0F> <U+0001F1EF><U+0001F1F5> We’ve agreed to partner with Japan-based Marubeni to explore #Wind and decarbonization opportun… https://t.co/LzlRuDgvnR",FALSE,29,NA,2022-03-23 08:34:26,TRUE,NA,"1506549922367258624",NA,"<a href=""https://ads-api.twitter.com"" rel=""nofollow"">Twitter for Advertisers.</a>","bp_plc",9,FALSE,FALSE,NA,NA
"113","@ajsmiffy Hi Tony, please visit our rewards site to enter your code via this link here: https://t.co/aDreVPF5wH. Be… https://t.co/bXUDmMzQmG",FALSE,1,"ajsmiffy",2022-03-21 18:12:25,TRUE,"1505606659594461188","1505970600661200907","403945836","<a href=""https://prod1.sprinklr.com"" rel=""nofollow"">Sprinklr Publishing</a>","bp_plc",0,FALSE,FALSE,NA,NA
"114","@Nick_INV Hi Nick, we're very sorry about this. Please could you share your receipt with us, and let us know which… https://t.co/g6bCL0vQRV",FALSE,0,NA,2022-03-15 15:27:27,TRUE,NA,"1503754757676179457",NA,"<a href=""https://prod1.sprinklr.com"" rel=""nofollow"">Sprinklr Publishing</a>","bp_plc",0,FALSE,FALSE,NA,NA
"115","@OfficialRG90 Hi Ross, we're sorry to hear this. We'd recommend getting in touch with our loyalty team by emailing… https://t.co/Ns9RqqzDEB",FALSE,0,NA,2022-03-08 09:31:43,TRUE,NA,"1501128520847839234",NA,"<a href=""https://prod1.sprinklr.com"" rel=""nofollow"">Sprinklr Publishing</a>","bp_plc",0,FALSE,FALSE,NA,NA
"116","As we continue to keep all our affected colleagues and the people of Ukraine in our thoughts, we've agreed a $20m p… https://t.co/fvPfpOctU3",FALSE,83,NA,2022-03-03 15:01:04,TRUE,NA,"1499399466197024774",NA,"<a href=""https://mobile.twitter.com"" rel=""nofollow"">Twitter Web App</a>","bp_plc",22,FALSE,FALSE,NA,NA
"117","@BritLGBTAwards @networkrail @NRArchway We’re thrilled to see the bp Pride network recognized for their dedication… https://t.co/dINWijO0dD",FALSE,1,"BritLGBTAwards",2022-02-16 16:27:22,TRUE,"1493601083054346251","1493985366482771982","2891898418","<a href=""https://mobile.twitter.com"" rel=""nofollow"">Twitter Web App</a>","bp_plc",0,FALSE,FALSE,NA,NA
"118","@CEOemail Hi there, if you have a specific question, please send us a direct message so we can try to put you in to… https://t.co/FQvLAPrg1L",FALSE,0,"CEOemail",2022-02-16 14:50:49,TRUE,"1493939043154997249","1493961067768254470","115190842","<a href=""https://prod1.sprinklr.com"" rel=""nofollow"">Sprinklr Publishing</a>","bp_plc",0,FALSE,FALSE,NA,NA
"119","""Some people thought it was an oil to renewables story, and it's not; it's a three-part strategy of which hydrocarb… https://t.co/gqHFDqkWVq",FALSE,38,NA,2022-02-16 13:22:19,TRUE,NA,"1493938795321954313",NA,"<a href=""https://twitter.com"" rel=""nofollow"">Twitter for Advertisers</a>","bp_plc",13,FALSE,FALSE,NA,NA
"120","@BritLGBTAwards @TransITCUK @JNJNews Great to see @TransITCUK being recognized for its work helping to raise trans awareness in business <U+0001F44F><U+0001F44F>",FALSE,2,"BritLGBTAwards",2022-02-15 11:02:05,FALSE,"1493532292660269060","1493541117421395969","2891898418","<a href=""https://mobile.twitter.com"" rel=""nofollow"">Twitter Web App</a>","bp_plc",0,FALSE,FALSE,NA,NA
"121","@EdrisAlizada Hi there, we're sorry to hear you had a negative experience at one of our sites. Please could you DM… https://t.co/YpRK1LFRwO",FALSE,0,"EdrisAlizada",2022-02-12 17:49:46,TRUE,"1492099578740551681","1492556548111060993","225001677","<a href=""https://prod1.sprinklr.com"" rel=""nofollow"">Sprinklr Publishing</a>","bp_plc",0,FALSE,FALSE,NA,NA
"122","<U+2714>Purpose, ambition, strategy set
<U+2714>Strong progress - transformation on track
Means we can accelerate greening of bp,… https://t.co/Kz1ocfYjBB",FALSE,64,NA,2022-02-08 07:33:03,TRUE,NA,"1490951796000501763",NA,"<a href=""https://twitter.com"" rel=""nofollow"">Twitter for Advertisers</a>","bp_plc",22,FALSE,FALSE,NA,NA
"123","@trapezoidschme Hi there, great question! We quote hydrogen in MW to describe the capacity of an electrolyser. H2-F… https://t.co/egrO7pVgfk",FALSE,1,NA,2022-02-03 16:25:17,TRUE,NA,"1489273800055308292",NA,"<a href=""https://prod1.sprinklr.com"" rel=""nofollow"">Sprinklr Publishing</a>","bp_plc",0,FALSE,FALSE,NA,NA
"124","@andyd790 Hi Andy, it looks like you filled up with our Ultimate Diesel which is a premium fuel. If you think you'v… https://t.co/iywHCjVWCr",FALSE,0,"andyd790",2022-01-29 12:24:56,TRUE,"1487392704036319234","1487401372442107907","4902875693","<a href=""https://prod1.sprinklr.com"" rel=""nofollow"">Sprinklr Publishing</a>","bp_plc",0,FALSE,FALSE,NA,NA
"125","@eastlothianmp That’s great to hear. All contract awards for turbines are subject to tender, and we’ve set up a new… https://t.co/FJjBxvBkrT",FALSE,0,"eastlothianmp",2022-01-28 13:29:18,TRUE,"1486764547486724100","1487055185251909637","1394565399086305285","<a href=""https://prod1.sprinklr.com"" rel=""nofollow"">Sprinklr Publishing</a>","bp_plc",0,FALSE,FALSE,NA,NA
"126","@ioisours Hi, we believe getting to net zero is likely to require a mixture of different technologies but we do see… https://t.co/J4ked6Y5BE",FALSE,0,"ioisours",2022-01-28 12:06:30,TRUE,"1486985124843593733","1487034346414522369","1320381280345874433","<a href=""https://prod1.sprinklr.com"" rel=""nofollow"">Sprinklr Publishing</a>","bp_plc",0,FALSE,FALSE,NA,NA
"127","@eastlothianmp And that’s just a small fraction of the thousands of jobs we expect the project to generate. We woul… https://t.co/l5CTYklcu3",FALSE,0,"bp_plc",2022-01-27 14:25:10,TRUE,"1486706655794384905","1486706856508608516","1648024394","<a href=""https://mobile.twitter.com"" rel=""nofollow"">Twitter Web App</a>","bp_plc",0,FALSE,FALSE,NA,NA
"128","@eastlothianmp Hi Kenny, we’ll continue to champion &amp; invest in Scotland. We plan to make Aberdeen our global opera… https://t.co/43KvbpgHUF",FALSE,5,"eastlothianmp",2022-01-27 14:24:23,TRUE,"1486308257861877760","1486706655794384905","1394565399086305285","<a href=""https://mobile.twitter.com"" rel=""nofollow"">Twitter Web App</a>","bp_plc",3,FALSE,FALSE,NA,NA
"129","@PJMistry Hi PJ, thanks for sending us a direct message, we will follow up with you on there.",FALSE,0,"PJMistry",2022-01-27 08:40:39,FALSE,"1486340824057139208","1486620155220271104","20577645","<a href=""https://prod1.sprinklr.com"" rel=""nofollow"">Sprinklr Publishing</a>","bp_plc",0,FALSE,FALSE,NA,NA
"130","We’ve signed a multi-GW agreement to deliver renewable energy in Oman. The planned projects include onshore wind <U+0001F32C><U+FE0F>… https://t.co/cgN02b6udh",FALSE,44,NA,2022-01-18 09:13:57,TRUE,NA,"1483367044628287491",NA,"<a href=""https://twitter.com"" rel=""nofollow"">Twitter for Advertisers</a>","bp_plc",15,FALSE,FALSE,NA,NA
"131","Scottish offshore wind - we are go! We’re thrilled to have been awarded a lease option off the east coast to develo… https://t.co/30l2cwR5On",FALSE,75,NA,2022-01-17 10:06:29,TRUE,NA,"1483017875082338306",NA,"<a href=""https://ads-api.twitter.com"" rel=""nofollow"">Twitter for Advertisers.</a>","bp_plc",20,FALSE,FALSE,NA,NA
"132","We’ve extended our 16-year agreement with @marksandspencer Food for another decade #PowerCouple <U+0001F91D> <U+0001F6D2>. Working with c… https://t.co/OMToHErjFz",FALSE,23,NA,2022-01-14 09:24:19,TRUE,NA,"1481920100169129985",NA,"<a href=""https://twitter.com"" rel=""nofollow"">Twitter for Advertisers</a>","bp_plc",6,FALSE,FALSE,NA,NA
"133","@Maersk Well done @Maersk <U+0001F44F><U+0001F44F>! Companies in carbon heavy sectors like us need to pull together to become greener and… https://t.co/OXlJdWWtxZ",FALSE,3,"Maersk",2022-01-13 11:34:44,TRUE,"1481176315449511937","1481590534552567808","380801406","<a href=""https://mobile.twitter.com"" rel=""nofollow"">Twitter Web App</a>","bp_plc",1,FALSE,FALSE,NA,NA
"134","@jeanlynton And, by 2030 we're aiming to cut emissions from our operations by 30-35%, cut emissions associated with… https://t.co/zFdpUW5gyI",FALSE,0,"jeanlynton",2022-01-12 16:36:42,TRUE,"1480641926693015564","1481304136171802625","227392931","<a href=""https://prod1.sprinklr.com"" rel=""nofollow"">Sprinklr Publishing</a>","bp_plc",0,FALSE,FALSE,NA,NA
"135","@jeanlynton Hi Jean, we understand the mistrust that's out there, but we're serious about our ambition. We're not g… https://t.co/yph4q64j4b",FALSE,1,"jeanlynton",2022-01-12 16:35:43,TRUE,"1480641926693015564","1481303889299361803","227392931","<a href=""https://prod1.sprinklr.com"" rel=""nofollow"">Sprinklr Publishing</a>","bp_plc",0,FALSE,FALSE,NA,NA
"136","@KevinsDoherty1 Hi Kevin, we’ve looked into these sites further and can confirm that the cause of the litter was du… https://t.co/NhgEHknRny",FALSE,0,"KevinsDoherty1",2022-01-10 15:58:07,TRUE,"1479937434909618176","1480569650954055683","1302731093947359233","<a href=""https://prod1.sprinklr.com"" rel=""nofollow"">Sprinklr Publishing</a>","bp_plc",0,FALSE,FALSE,NA,NA
"137","Greening companies bring scale and resources to the table which can help the world meet the Paris goals faster <U+0001F310><U+0001F477>",FALSE,19,NA,2022-01-06 15:19:45,FALSE,NA,"1479110447387217924",NA,"<a href=""https://ads-api.twitter.com"" rel=""nofollow"">Twitter for Advertisers.</a>","bp_plc",9,FALSE,FALSE,NA,NA
"138","@KevinsDoherty1 Hi Kevin, we're very sorry to see this at our sites. Thank you for making us aware of this, please… https://t.co/4X24OLgefn",FALSE,0,"KevinsDoherty1",2022-01-06 12:27:30,TRUE,"1478843837175025668","1479067096365608961","1302731093947359233","<a href=""https://prod1.sprinklr.com"" rel=""nofollow"">Sprinklr Publishing</a>","bp_plc",0,FALSE,FALSE,NA,NA
"139","@marekbarts Hi Marek, thanks for this. While many of our retail sites are independently owned and operated, we hold… https://t.co/gFS4SvDoov",FALSE,1,"marekbarts",2022-01-05 13:53:17,TRUE,"1478368884537311232","1478726297459253249","522448841","<a href=""https://prod1.sprinklr.com"" rel=""nofollow"">Sprinklr Publishing</a>","bp_plc",0,FALSE,FALSE,NA,NA
"140","@marekbarts Hi Marek, we're sorry to hear you couldn't find bulbs on your visit, are you able to provide the locati… https://t.co/v3kR2mBSPV",FALSE,0,"marekbarts",2022-01-04 13:57:22,TRUE,"1478315367659450369","1478364937084936193","522448841","<a href=""https://prod1.sprinklr.com"" rel=""nofollow"">Sprinklr Publishing</a>","bp_plc",0,FALSE,FALSE,NA,NA
"141","@adrenalinaddict Hi Trevor, apologies for our delayed reply. Some of our sites opening hours were altered due to th… https://t.co/Ht3RbATxR2",FALSE,0,"adrenalinaddict",2022-01-04 12:12:43,TRUE,"1477051937438769158","1478338599682809856","37919680","<a href=""https://prod1.sprinklr.com"" rel=""nofollow"">Sprinklr Publishing</a>","bp_plc",0,FALSE,FALSE,NA,NA
"142","From deep space to sun-powered steel production<U+0001F6F0><U+FE0F><U+0001F3ED><U+2600><U+FE0F> Check out the pictures that highlight some of our actions in 2… https://t.co/4itl3w37We",FALSE,26,NA,2021-12-16 09:31:19,TRUE,NA,"1471412613569462273",NA,"<a href=""https://mobile.twitter.com"" rel=""nofollow"">Twitter Web App</a>","bp_plc",7,FALSE,FALSE,NA,NA
"143","We recently announced we're building HyGreen Teesside, a green #Hydrogen facility that will form part of the UK's l… https://t.co/0aeOifvlr2",FALSE,30,NA,2021-12-15 08:12:32,TRUE,NA,"1471030398511689730",NA,"<a href=""https://prod1.sprinklr.com"" rel=""nofollow"">Sprinklr Publishing</a>","bp_plc",10,FALSE,FALSE,NA,NA
"144","@sdfpk Hi, many people without access to home charging points will still rely on fuel forecourts to keep charged an… https://t.co/b7Rww1lXYa",FALSE,0,"sdfpk",2021-12-13 12:27:38,TRUE,"1470119893618073603","1470369823725170697","1367728431681638400","<a href=""https://prod1.sprinklr.com"" rel=""nofollow"">Sprinklr Publishing</a>","bp_plc",0,FALSE,FALSE,NA,NA
"145","@NeilNWLondon Hi Neil, yes I can confirm that we sell gift cards in our Simply Food and Connect estate (318 sites).… https://t.co/wVNR6uY9p1",FALSE,0,"NeilNWLondon",2021-12-06 15:44:38,TRUE,"1466498347703885830","1467882685473431552","353892160","<a href=""https://prod1.sprinklr.com"" rel=""nofollow"">Sprinklr Publishing</a>","bp_plc",0,FALSE,FALSE,NA,NA
"146","""We must give society what it wants and needs, and that is clean, reliable, affordable energy, and to do that, we h… https://t.co/nheoEHGdqS",FALSE,26,NA,2021-12-06 09:08:41,TRUE,NA,"1467783039002492929",NA,"<a href=""https://mobile.twitter.com"" rel=""nofollow"">Twitter Web App</a>","bp_plc",11,FALSE,FALSE,NA,NA
"147","@AlpineF1Team @Castrol Good luck this weekend!<U+0001F3CE><U+FE0F><U+0001F91E>",FALSE,28,"AlpineF1Team",2021-12-03 13:38:20,FALSE,"1466725725264875520","1466763735343800321","28297965","<a href=""https://mobile.twitter.com"" rel=""nofollow"">Twitter Web App</a>","bp_plc",0,FALSE,FALSE,NA,NA
"148","For #InternationalDayOfPersonsWithDisabilities @Valuable500 joined us for a discussion hosted by @Tortoise, focusin… https://t.co/1eD2jgQgV1",FALSE,13,NA,2021-12-03 09:13:59,TRUE,NA,"1466697210440167425",NA,"<a href=""https://mobile.twitter.com"" rel=""nofollow"">Twitter Web App</a>","bp_plc",4,FALSE,FALSE,NA,NA
"149","We’re building HyGreen Teesside, a green #Hydrogen production facility. It will aim to generate 60MWe by 2025 – tha… https://t.co/Rp8gYm6PhN",FALSE,37,NA,2021-11-29 08:08:07,TRUE,NA,"1465231083000246272",NA,"<a href=""https://twitter.com"" rel=""nofollow"">Twitter for Advertisers</a>","bp_plc",15,FALSE,FALSE,NA,NA
"150","@Elaine128 Hi Elaine, we’re rolling out a nationwide network of ultra-fast chargers at motorway service stations, f… https://t.co/gDWpjPNcfH",FALSE,0,"Elaine128",2021-11-25 14:18:21,TRUE,"1463627509602394117","1463874704184422403","21877267","<a href=""https://prod1.sprinklr.com"" rel=""nofollow"">Sprinklr Publishing</a>","bp_plc",0,FALSE,FALSE,NA,NA
"151","@Heathermka Hi Heather, we’re rolling out a nationwide network of ultra-fast chargers at motorway service stations,… https://t.co/6BE3Dbt9fc",FALSE,0,"Heathermka",2021-11-24 16:21:39,TRUE,"1463498139797700620","1463543344886390788","31471329","<a href=""https://prod1.sprinklr.com"" rel=""nofollow"">Sprinklr Publishing</a>","bp_plc",0,FALSE,FALSE,NA,NA
"152","@ktluvwolvercote Hi Katie, we agree our front line team are #heroes &amp; they should not be putting up with any abuse.… https://t.co/jEMdGmGEvb",FALSE,1,"ktluvwolvercote",2021-10-01 11:01:09,TRUE,"1443860578389446677","1443893742956597248","121366231","<a href=""https://prod1.sprinklr.com"" rel=""nofollow"">Sprinklr Publishing</a>","bp_plc",1,FALSE,FALSE,NA,NA
"153","@Holsxox_ Hi Holly, I’m afraid we're unable to confirm on specific petrol stations as levels of stock across stores… https://t.co/VTp92AkoOm",FALSE,0,"Holsxox_",2021-09-28 14:22:09,TRUE,"1442836026230202378","1442857165195186186","2244449022","<a href=""https://prod1.sprinklr.com"" rel=""nofollow"">Sprinklr Publishing</a>","bp_plc",0,FALSE,FALSE,NA,NA
"154","@strollonyouth Hi Jonnie, levels of stock are constantly changing, so unfortunately we don’t have that information… https://t.co/Z1I70H7nXc",FALSE,0,"strollonyouth",2021-09-27 16:53:14,TRUE,"1442518101430517765","1442532796879101962","2254712271","<a href=""https://prod1.sprinklr.com"" rel=""nofollow"">Sprinklr Publishing</a>","bp_plc",0,FALSE,FALSE,NA,NA
"155","@Smpffc1 Hi there, we do not currently plan to increase our prices at the 300 sites that we operate.  A quick way t… https://t.co/lL7e5rS3Pf",FALSE,0,NA,2021-09-27 16:48:27,TRUE,NA,"1442531594829381632",NA,"<a href=""https://prod1.sprinklr.com"" rel=""nofollow"">Sprinklr Publishing</a>","bp_plc",0,FALSE,FALSE,NA,NA
"156","@TheAnxiousTeac2 Hi there, we are so sorry to hear about this. Please can you DM us with the site address so we can… https://t.co/Zj6s53fRxE",FALSE,0,"TheAnxiousTeac2",2021-09-27 09:20:12,TRUE,"1442210171468632066","1442418786779365376","1109531172462346240","<a href=""https://prod1.sprinklr.com"" rel=""nofollow"">Sprinklr Publishing</a>","bp_plc",0,FALSE,FALSE,NA,NA
"157","@adamboultonSKY Hi Adam, there's no shortage of fuel, drivers should carry on as normal. A nationwide driver shorta… https://t.co/k0eiGoPocb",FALSE,4,"adamboultonTABB",2021-09-25 11:13:17,TRUE,"1441650501636943881","1441722469786824704","14073022","<a href=""https://prod1.sprinklr.com"" rel=""nofollow"">Sprinklr Publishing</a>","bp_plc",0,FALSE,FALSE,NA,NA
"158","@SarahRoss01 Hi Sarah, I’m afraid we're unable to confirm on specific petrol stations as levels of stock across sto… https://t.co/2JseFCFtZK",FALSE,0,"SarahRoss01",2021-09-25 09:41:35,TRUE,"1441665562136961025","1441699393669763074","251714911","<a href=""https://prod1.sprinklr.com"" rel=""nofollow"">Sprinklr Publishing</a>","bp_plc",1,FALSE,FALSE,NA,NA
"159","@Mdreadedtwit Hi there, drivers should carry on as normal when buying fuel. There is no shortage of petrol or diese… https://t.co/zcpflhgLOL",FALSE,0,"Mdreadedtwit",2021-09-24 16:12:10,TRUE,"1441354080966701060","1441435297221332993","27855508","<a href=""https://prod1.sprinklr.com"" rel=""nofollow"">Sprinklr Publishing</a>","bp_plc",0,FALSE,FALSE,NA,NA
"160","@familyhist2DAY Hi there, levels of stock are constantly changing, so unfortunately we don’t have that information… https://t.co/CPLpkFSWWb",FALSE,0,"familyhist2DAY",2021-09-24 15:46:51,TRUE,"1441408082173562880","1441428929022099456","3118923358","<a href=""https://prod1.sprinklr.com"" rel=""nofollow"">Sprinklr Publishing</a>","bp_plc",0,FALSE,FALSE,NA,NA
"161","@thejamesmax Hi James, we’re working hard to ensure customers have access to fuel and apologise for any inconvenien… https://t.co/AvAOP2uhN5",FALSE,1,"thejamesmax",2021-09-24 08:07:18,TRUE,"1441251612664549384","1441313279284965377","20019732","<a href=""https://prod1.sprinklr.com"" rel=""nofollow"">Sprinklr Publishing</a>","bp_plc",1,FALSE,FALSE,NA,NA
"162","For #BiVisibilityDay, we asked bi members of our Pride network to help us debunk some common myths about bisexualit… https://t.co/dNJ4bYaa9c",FALSE,16,NA,2021-09-23 08:03:48,TRUE,NA,"1440950011089625090",NA,"<a href=""https://twitter.com"" rel=""nofollow"">Twitter for Advertisers</a>","bp_plc",6,FALSE,FALSE,NA,NA
"163","@wjoaquin9 Hi there, we’re very sorry to hear this. We’re aware that a few of our BPme users are currently experien… https://t.co/2k5ziRFJjd",FALSE,0,"WallyHoak",2021-09-22 14:13:08,TRUE,"1440418718111055878","1440680567041708039","73916289","<a href=""https://prod1.sprinklr.com"" rel=""nofollow"">Sprinklr Publishing</a>","bp_plc",0,FALSE,FALSE,NA,NA
"164","@JanChat56 Hi Jan. Sorry to hear this - can you confirm whether you have an iPhone? ^CW",FALSE,0,"JanChat56",2021-09-21 17:16:53,FALSE,"1440323127188209674","1440364421713326087","358837359","<a href=""https://prod1.sprinklr.com"" rel=""nofollow"">Sprinklr Publishing</a>","bp_plc",0,FALSE,FALSE,NA,NA
"165","@GreenpeaceUK Hydrocarbons make our low carbon investments possible. We're on a journey to net zero &amp; our spend on… https://t.co/eoULQLjH9h",FALSE,1,"GreenpeaceUK",2021-09-21 15:52:13,TRUE,"1439902515085119493","1440343113772331023","4012161","<a href=""https://mobile.twitter.com"" rel=""nofollow"">Twitter Web App</a>","bp_plc",1,FALSE,FALSE,NA,NA
"166","@clockend79 Hi. Our supply chain has been impacted by the industry-wide driver shortage across the UK. We continue… https://t.co/9pQGNZWkZj",FALSE,0,"clockend79",2021-09-21 12:16:24,TRUE,"1440043711958716420","1440288800794562566","1087080534537371649","<a href=""https://prod1.sprinklr.com"" rel=""nofollow"">Sprinklr Publishing</a>","bp_plc",0,FALSE,FALSE,NA,NA
"167","@MATruman Hi Mike, we understand people's frustrations, but we assure you, our team are working to put things right… https://t.co/h1dfVOpqez",FALSE,1,"MATruman",2021-09-21 10:36:47,TRUE,"1439979430454210561","1440263731401793539","62829960","<a href=""https://prod1.sprinklr.com"" rel=""nofollow"">Sprinklr Publishing</a>","bp_plc",0,FALSE,FALSE,NA,NA
"168","@RichardNaddi Hi Richard. You can explore all our current opportunities at https://t.co/RoaKIEJykU.",FALSE,1,"RichardNaddi",2021-09-21 10:29:57,FALSE,"1438955185032867852","1440262013658099718","1141057942579503104","<a href=""https://prod1.sprinklr.com"" rel=""nofollow"">Sprinklr Publishing</a>","bp_plc",0,FALSE,FALSE,NA,NA
"169","<U+0001F44F>Great news from @Lightsourcebp today! They’ve updated their ambition to develop 25GW of solar by 2025 after securi… https://t.co/m5tjcTbBER",FALSE,21,NA,2021-09-20 14:39:56,TRUE,NA,"1439962534937829380",NA,"<a href=""https://mobile.twitter.com"" rel=""nofollow"">Twitter Web App</a>","bp_plc",3,FALSE,FALSE,NA,NA
"170","@Mk3laserboy Hi Simon, we're really sorry for the inconvenience here but thank you for bringing it to our attention… https://t.co/WTCkZiXTza",FALSE,1,"Mk3laserboy",2021-09-18 10:42:43,TRUE,"1438851400650444803","1439178061971341313","859800509330468868","<a href=""https://prod1.sprinklr.com"" rel=""nofollow"">Sprinklr Publishing</a>","bp_plc",0,FALSE,FALSE,NA,NA
"171","@FERCOQ18 Hi there. bp branded retail sites in France are run &amp; operated by EG Group. Please could you contact them… https://t.co/lpWjClwRDd",FALSE,0,NA,2021-09-17 17:36:24,TRUE,NA,"1438919783186149387",NA,"<a href=""https://prod1.sprinklr.com"" rel=""nofollow"">Sprinklr Publishing</a>","bp_plc",0,FALSE,FALSE,NA,NA
"172","We’re announcing a series of agreements with fellow sector leaders @AdnocGroup &amp; @Masdar that will look to explore… https://t.co/oPmaTKC5c2",FALSE,35,NA,2021-09-16 13:59:19,TRUE,NA,"1438502763021824015",NA,"<a href=""https://twitter.com"" rel=""nofollow"">Twitter for Advertisers</a>","bp_plc",13,FALSE,FALSE,NA,NA
"173","Congrats @ProcterGamble on your net zero announcement! It’ll take all of us, greening companies in every sector, to… https://t.co/tXFEYBwMsn",FALSE,16,NA,2021-09-16 08:25:57,TRUE,NA,"1438418869949960197",NA,"<a href=""https://mobile.twitter.com"" rel=""nofollow"">Twitter Web App</a>","bp_plc",3,FALSE,FALSE,NA,NA
"174","@Marco772021 Hi Marco. Are you able to share the location and post number of the charging points you’re referring t… https://t.co/t4Zr5dAvEq",FALSE,0,NA,2021-09-15 12:47:11,TRUE,NA,"1438122221478846474",NA,"<a href=""https://prod1.sprinklr.com"" rel=""nofollow"">Sprinklr Publishing</a>","bp_plc",0,FALSE,FALSE,NA,NA
"175","We’re delighted to be part of this @IIGCCnews @tp_initiative effort, which supports our aim to be recognised as an… https://t.co/UQxswLdfo4",FALSE,11,NA,2021-09-15 09:29:32,TRUE,NA,"1438072483282829314",NA,"<a href=""https://mobile.twitter.com"" rel=""nofollow"">Twitter Web App</a>","bp_plc",3,FALSE,FALSE,NA,NA
"176","<U+0001F6A2>We're teaming up with @nyklineofficial, one of the world's largest shipping &amp; logistics companies. We'll look to c… https://t.co/ldBJlZSR3e",FALSE,10,NA,2021-09-15 07:50:22,TRUE,NA,"1438047523977977857",NA,"<a href=""https://ads-api.twitter.com"" rel=""nofollow"">Twitter for Advertisers.</a>","bp_plc",1,FALSE,FALSE,NA,NA
"177","@KyleGonchar Thanks for bringing this to our attention. While many of our retail sites are independently owned and… https://t.co/ZMi0YHZsOR",FALSE,0,"KyleGonchar",2021-09-14 16:48:19,TRUE,"1436857626801934336","1437820518070202376","2371249650","<a href=""https://prod1.sprinklr.com"" rel=""nofollow"">Sprinklr Publishing</a>","bp_plc",0,FALSE,FALSE,NA,NA
"178","@cruy Hi there, we’re sorry to hear that. It sounds like something has gone wrong, so thanks for letting us know. P… https://t.co/8ErF84Qpul",FALSE,0,"cruy",2021-09-12 11:39:51,TRUE,"1436672243828920323","1437018113388826625","13486522","<a href=""https://prod1.sprinklr.com"" rel=""nofollow"">Sprinklr Publishing</a>","bp_plc",0,FALSE,FALSE,NA,NA
"179","Sustainable aviation fuel (SAF) supply produces up to 80% fewer lifecycle carbon emissions than the traditional jet… https://t.co/wzV2jtdEee",FALSE,44,NA,2021-09-07 14:13:03,TRUE,NA,"1435244730447802372",NA,"<a href=""https://twitter.com"" rel=""nofollow"">Twitter for Advertisers</a>","bp_plc",12,FALSE,FALSE,NA,NA
"180","@_andyhandy We love it. What was your inspiration?<U+0001F914>",FALSE,31,"_andyhandy",2021-09-07 13:41:18,FALSE,"1434964605994942466","1435236739195547648","736895671094116353","<a href=""https://mobile.twitter.com"" rel=""nofollow"">Twitter Web App</a>","bp_plc",1,FALSE,FALSE,NA,NA
"181","@daw5y1208 Hi Luke, we're very sorry about this. Do you have your receipt? If so, please get in touch with our loya… https://t.co/s69DWGzfrY",FALSE,0,"daw5y1208",2021-09-07 10:35:43,TRUE,"1434969120718692354","1435190035612147716","1196537911291924482","<a href=""https://prod1.sprinklr.com"" rel=""nofollow"">Sprinklr Publishing</a>","bp_plc",0,FALSE,FALSE,NA,NA
"182","@bruintje_debeer Hi Bruno, we know that tackling methane emissions is a vital part of the energy transition. We're… https://t.co/HMXv3OIuR1",FALSE,1,"bruintje_debeer",2021-09-03 10:18:33,TRUE,"1433444690741899264","1433736161822978072","2493969451","<a href=""https://prod1.sprinklr.com"" rel=""nofollow"">Sprinklr Publishing</a>","bp_plc",1,FALSE,FALSE,NA,NA
"183","@missbeck1979 Hi Katrina, if you can please share the stations' location our team will look into this ^Gabrielle",FALSE,0,"missbeck1979",2021-09-03 10:08:45,FALSE,"1433707917056823297","1433733695316320256","3141612040","<a href=""https://prod1.sprinklr.com"" rel=""nofollow"">Sprinklr Publishing</a>","bp_plc",0,FALSE,FALSE,NA,NA
"184","@Thommyjb80 We've temporarily turned our logo purple to support the launch of the #WeThe15 campaign - aiming to be… https://t.co/26upASZJeU",FALSE,1,"Thommyjb80",2021-09-02 15:13:35,TRUE,"1433442815573434376","1433448024374644737","752860962538000384","<a href=""https://prod1.sprinklr.com"" rel=""nofollow"">Sprinklr Publishing</a>","bp_plc",1,FALSE,FALSE,NA,NA
"185","We think hydrogen could play a critical role in the energy transition, with the potential to provide up to 15% of g… https://t.co/AHVTTWseda",FALSE,27,NA,2021-09-02 14:42:58,TRUE,NA,"1433440319065018369",NA,"<a href=""https://ads-api.twitter.com"" rel=""nofollow"">Twitter for Advertisers.</a>","bp_plc",11,FALSE,FALSE,NA,NA
"186","@the_ecologist In 2020 we decided not to go ahead with sponsoring C4’s coverage of the Tokyo Paralympics. This was… https://t.co/gjazaL6Sz6",FALSE,0,"the_ecologist",2021-08-24 16:27:53,TRUE,"1430075220300288014","1430205228985561093","59460397","<a href=""https://mobile.twitter.com"" rel=""nofollow"">Twitter Web App</a>","bp_plc",0,FALSE,FALSE,NA,NA
"187","@elliotashley589 Hi Elliot, we're very sorry to hear this happened at one of our sites. So we can follow this up pl… https://t.co/vEmVIHwxlj",FALSE,0,"elliotashley589",2021-08-24 13:33:56,TRUE,"1430035863141068803","1430161453332455429","3071890118","<a href=""https://prod1.sprinklr.com"" rel=""nofollow"">Sprinklr Publishing</a>","bp_plc",0,FALSE,FALSE,NA,NA
"188","@davidwatson__ Hear, hear! We see tremendous business opportunity for our sector in both blue and green hydrogen.",FALSE,5,"davidwatson__",2021-06-18 14:18:07,FALSE,"1405770007217278980","1405892585391022087","335227218","<a href=""https://mobile.twitter.com"" rel=""nofollow"">Twitter Web App</a>","bp_plc",1,FALSE,FALSE,NA,NA
"189","@sjm2212 Hi there, we're so sorry to hear you had a bad experience at one of our sites. Please could you share your… https://t.co/f5eDgttG57",FALSE,0,"sjm2212",2021-06-17 17:06:27,TRUE,"1405275044100464642","1405572562831220740","489386848","<a href=""https://prod1.sprinklr.com"" rel=""nofollow"">Sprinklr Publishing</a>","bp_plc",0,FALSE,FALSE,NA,NA
"190","@eugasdetector Happy to fill you in: Our team met Ms Lukaniuk &amp; officials from the Directorate-General for Mobility… https://t.co/jBDu8uie0X",FALSE,0,"eugasdetector",2021-06-17 15:07:12,TRUE,"1405477302855741441","1405542550329389061","4835117433","<a href=""https://prod1.sprinklr.com"" rel=""nofollow"">Sprinklr Publishing</a>","bp_plc",0,FALSE,FALSE,NA,NA
"191","2020 was one of the most tumultuous years in modern history. But what impact has it had on global energy use? To fi… https://t.co/v6VbjvQu6L",FALSE,10,NA,2021-06-17 14:28:09,TRUE,NA,"1405532722357882891",NA,"<a href=""https://ads-api.twitter.com"" rel=""nofollow"">Twitter for Advertisers.</a>","bp_plc",7,FALSE,FALSE,NA,NA
"192","Through collaboration, we can achieve more <U+0001F91D> https://t.co/ZdWGSZNWzK",FALSE,26,NA,2021-06-17 09:22:16,FALSE,NA,"1405455746100248578",NA,"<a href=""https://prod1.sprinklr.com"" rel=""nofollow"">Sprinklr Publishing</a>","bp_plc",7,FALSE,FALSE,NA,NA
"193","On #GlobalWindDay we’re proud to share how we're in action in offshore wind <U+0001F1FA><U+0001F1F8> <U+0001F1EC><U+0001F1E7> <U+0001F3F4><U+000E0067><U+000E0062><U+000E0073><U+000E0063><U+000E0074><U+000E007F> <U+0001F1F3><U+0001F1F4> - these projects will… https://t.co/Kyvgaxsnkt",FALSE,32,NA,2021-06-15 14:26:02,TRUE,NA,"1404807414705229841",NA,"<a href=""https://ads-api.twitter.com"" rel=""nofollow"">Twitter for Advertisers.</a>","bp_plc",11,FALSE,FALSE,NA,NA
"194","<U+2728> Flashback to 2019 and this strong message on inclusion from our CEO, Bernard Looney, who was interviewed by trans… https://t.co/YGbgQqbyEv",FALSE,10,NA,2021-06-15 12:03:31,TRUE,NA,"1404771549324906496",NA,"<a href=""https://ads-api.twitter.com"" rel=""nofollow"">Twitter for Advertisers.</a>","bp_plc",3,FALSE,FALSE,NA,NA
"195","@OnceUponASophie Here are just a few things we're proud of: We're on the @Stonewall global WEI, we're a founding me… https://t.co/72Dvu96nQn",FALSE,0,"bp_plc",2021-06-14 15:06:12,TRUE,"1404454873115004932","1404455135120703496","1648024394","<a href=""https://mobile.twitter.com"" rel=""nofollow"">Twitter Web App</a>","bp_plc",0,FALSE,FALSE,NA,NA
"196","@OnceUponASophie Hi Sophie. We're proud to fly the flag this month, but we do have #Pride all year! There are heaps… https://t.co/OtPUbkZBkX",FALSE,0,"OnceUponASophie",2021-06-14 15:05:09,TRUE,"1401478101662584833","1404454873115004932","598516288","<a href=""https://mobile.twitter.com"" rel=""nofollow"">Twitter Web App</a>","bp_plc",0,FALSE,FALSE,NA,NA
"197","@emorwee @bp_America We know there will always be more to do, but we want to play our part and show up for our employees all year round. 3/3",FALSE,0,"bp_plc",2021-06-14 14:54:41,FALSE,"1404452132841984004","1404452237829627907","1648024394","<a href=""https://mobile.twitter.com"" rel=""nofollow"">Twitter Web App</a>","bp_plc",0,FALSE,FALSE,NA,NA
